Time,BG,CGM,CHO,insulin,LBGI,HBGI,Risk
2021-01-25 08:00:00,137.97,148.22173099651673,,,0.0,1.4494948872904858,1.4494948872904858
