Time,BG,CGM,CHO,insulin,LBGI,HBGI,Risk
2021-01-25 08:00:00,144.70000000000002,152.86993890761852,,,0.0,2.207409613134178,2.207409613134178
