Time,BG,CGM,CHO,insulin,LBGI,HBGI,Risk
2021-01-25 08:00:00,144.3,120.41831221088127,,,0.0,2.158992474194025,2.158992474194025
