Time,BG,CGM,CHO,insulin,LBGI,HBGI,Risk
2021-01-25 08:00:00,134.67,131.59482151867113,,,0.0,1.1253028784440664,1.1253028784440664
