Time,BG,CGM,CHO,insulin,LBGI,HBGI,Risk
2021-01-25 08:00:00,152.41,158.57605811278776,,,0.0,3.2153271698947945,3.2153271698947945
