Time,BG,CGM,CHO,insulin,LBGI,HBGI,Risk
2021-01-25 08:00:00,145.9,154.30282686276064,,,0.0,2.355066411481553,2.355066411481553
