Time,BG,CGM,CHO,insulin,LBGI,HBGI,Risk
2021-01-25 08:00:00,149.01999999999998,154.5290908321903,,,0.0,2.7552758979034984,2.7552758979034984
