Time,BG,CGM,CHO,insulin,LBGI,HBGI,Risk
2021-01-25 08:00:00,139.03,124.16872210863383,,,0.0,1.5605425126044734,1.5605425126044734
