Time,BG,CGM,CHO,insulin,LBGI,HBGI,Risk
2021-01-25 08:00:00,145.16000000000003,146.52651814173723,,,0.0,2.2635876859825643,2.2635876859825643
