Time,BG,CGM,CHO,insulin,LBGI,HBGI,Risk
2021-01-25 08:00:00,144.87,143.8240937619056,,,0.0,2.2281092345685263,2.2281092345685263
