Time,BG,CGM,CHO,insulin,LBGI,HBGI,Risk
2021-01-25 08:00:00,135.26000000000002,152.266957697205,,,0.0,1.1808021043356502,1.1808021043356502
