Time,BG,CGM,CHO,insulin,LBGI,HBGI,Risk
2021-01-25 08:00:00,147.1,141.3720476235919,,,0.0,2.506256352585999,2.506256352585999
