Time,BG,CGM,CHO,insulin,LBGI,HBGI,Risk
2021-01-25 08:00:00,138.56,138.842245363849,,,0.0,1.5109019799034997,1.5109019799034997
