Time,BG,CGM,CHO,insulin,LBGI,HBGI,Risk
2021-01-25 08:00:00,135.64,142.26809223342164,,,0.0,1.2171253297619526,1.2171253297619526
