Time,BG,CGM,CHO,insulin,LBGI,HBGI,Risk
2021-01-25 08:00:00,142.67000000000002,138.01553276532744,,,0.0,1.9659402308848901,1.9659402308848901
