Time,BG,CGM,CHO,insulin,LBGI,HBGI,Risk
2021-01-25 08:00:00,136.45000000000002,130.48428927267872,,,0.0,1.2960417462442198,1.2960417462442198
