Time,BG,CGM,CHO,insulin,LBGI,HBGI,Risk
2021-01-25 08:00:00,152.83,164.23851765013433,,,0.0,3.274060671611316,3.274060671611316
