Time,BG,CGM,CHO,insulin,LBGI,HBGI,Risk
2021-01-25 08:00:00,143.23000000000002,143.9218697603258,,,0.0,2.03148717194796,2.03148717194796
