Time,BG,CGM,CHO,insulin,LBGI,HBGI,Risk
2021-01-25 08:00:00,145.07999999999998,140.90674258290673,,,0.0,2.253779513772673,2.253779513772673
