Time,BG,CGM,CHO,insulin,LBGI,HBGI,Risk
2021-01-25 08:00:00,150.688882299836,162.30525538816974,,,0.0,2.9785916408130024,2.9785916408130024
