Time,BG,CGM,CHO,insulin,LBGI,HBGI,Risk
2021-01-25 08:00:00,133.40016789982113,132.347867802543,,,0.0,1.0096227818340413,1.0096227818340413
