Time,BG,CGM,CHO,insulin,LBGI,HBGI,Risk
2021-01-25 08:00:00,137.2726030000206,136.07858167142263,,,0.0,1.378230682726285,1.378230682726285
