Time,BG,CGM,CHO,insulin,LBGI,HBGI,Risk
2021-01-25 08:00:00,143.39252940010996,140.39085594556653,,,0.0,2.050664402544396,2.050664402544396
