Time,BG,CGM,CHO,insulin,LBGI,HBGI,Risk
2021-01-25 08:00:00,142.0005768998623,141.54116809931176,,,0.0,1.888672514034596,1.888672514034596
