Time,BG,CGM,CHO,insulin,LBGI,HBGI,Risk
2021-01-25 08:00:00,133.8310730999436,129.91502591336314,,,0.0,1.0482943819414048,1.0482943819414048
