Time,BG,CGM,CHO,insulin,LBGI,HBGI,Risk
2021-01-25 08:00:00,137.87029190004785,139.78126071754963,,,0.0,1.4392179832961227,1.4392179832961227
