Time,BG,CGM,CHO,insulin,LBGI,HBGI,Risk
2021-01-25 08:00:00,151.30887390007692,150.6142978662743,,,0.0,3.063130273701455,3.063130273701455
