Time,BG,CGM,CHO,insulin,LBGI,HBGI,Risk
2021-01-25 08:00:00,136.41517739993438,141.6648286700899,,,0.0,1.292607691113576,1.292607691113576
