Time,BG,CGM,CHO,insulin,LBGI,HBGI,Risk
2021-01-25 08:00:00,141.2046604000547,125.77692679823063,,,0.0,1.7983686369044123,1.7983686369044123
