Time,BG,CGM,CHO,insulin,LBGI,HBGI,Risk
2021-01-25 08:00:00,133.7160873999379,129.72520703132804,,,0.0,1.037915931510302,1.037915931510302
