Time,BG,CGM,CHO,insulin,LBGI,HBGI,Risk
2021-01-25,135.64,128.29485060422087,,,0.0,1.2171253297619526,1.2171253297619526
