Time,BG,CGM,CHO,insulin,LBGI,HBGI,Risk
2021-01-25,136.45000000000002,121.66660439755408,,,0.0,1.2960417462442198,1.2960417462442198
