Time,BG,CGM,CHO,insulin,LBGI,HBGI,Risk
2021-01-25,145.07999999999998,145.23496003435383,,,0.0,2.253779513772673,2.253779513772673
