Time,BG,CGM,CHO,insulin,LBGI,HBGI,Risk
2021-01-25,152.83,158.31331037683609,,,0.0,3.274060671611316,3.274060671611316
