Time,BG,CGM,CHO,insulin,LBGI,HBGI,Risk
2021-01-25,150.688882299836,152.12409527931882,,,0.0,2.9785916408130024,2.9785916408130024
