Time,BG,CGM,CHO,insulin,LBGI,HBGI,Risk
2021-01-25,142.67000000000002,144.98060249236755,,,0.0,1.9659402308848901,1.9659402308848901
