Time,BG,CGM,CHO,insulin,LBGI,HBGI,Risk
2021-01-25,147.1,124.04149560477047,,,0.0,2.506256352585999,2.506256352585999
