Time,BG,CGM,CHO,insulin,LBGI,HBGI,Risk
2021-01-25,143.23000000000002,158.5228976869773,,,0.0,2.03148717194796,2.03148717194796
