Time,BG,CGM,CHO,insulin,LBGI,HBGI,Risk
2021-01-25,135.26000000000002,120.50598295925847,,,0.0,1.1808021043356502,1.1808021043356502
