Time,BG,CGM,CHO,insulin,LBGI,HBGI,Risk
2021-01-25,138.56,131.18077396612892,,,0.0,1.5109019799034997,1.5109019799034997
